公告,发布日期,操作日期,期限,金额(亿元),到期日,类型
公开市场买断式逆回购业务公告 [2024]第1号,2024-10-31,2024-10-31,6个月,5000,,操作结果公告
公开市场买断式逆回购业务公告 [2024]第2号,2024-11-29,2024-11-29,3个月,8000,,操作结果公告
公开市场买断式逆回购业务公告 [2024]第3号,2024-12-31,2024-12-31,3个月,7000,,操作结果公告
公开市场买断式逆回购业务公告 [2024]第3号,2024-12-31,2024-12-31,6个月,7000,,操作结果公告
公开市场买断式逆回购业务公告 [2025]第1号,2025-01-27,2025-01-27,3个月,12000,,操作结果公告
公开市场买断式逆回购业务公告 [2025]第1号,2025-01-27,2025-01-27,6个月,5000,,操作结果公告
公开市场买断式逆回购业务公告 [2025]第2号,2025-02-28,2025-02-28,3个月,9000,,操作结果公告
公开市场买断式逆回购业务公告 [2025]第2号,2025-02-28,2025-02-28,6个月,5000,,操作结果公告
公开市场买断式逆回购业务公告 [2025]第3号,2025-03-31,2025-03-31,3个月,5000,,操作结果公告
公开市场买断式逆回购业务公告 [2025]第3号,2025-03-31,2025-03-31,6个月,3000,,操作结果公告
公开市场买断式逆回购业务公告 [2025]第4号,2025-04-30,2025-04-30,3个月,7000,,操作结果公告
公开市场买断式逆回购业务公告 [2025]第4号,2025-04-30,2025-04-30,6个月,5000,,操作结果公告
公开市场买断式逆回购业务公告 [2025]第5号,2025-05-30,2025-05-30,3个月,4000,,操作结果公告
公开市场买断式逆回购业务公告 [2025]第5号,2025-05-30,2025-05-30,6个月,3000,,操作结果公告
公开市场买断式逆回购招标公告 [2025]第1号,2025-06-05,2025-06-06,3个月,10000,,招标公告
公开市场买断式逆回购招标公告 [2025]第2号,2025-06-13,2025-06-16,6个月,4000,,招标公告
公开市场买断式逆回购招标公告 [2025]第3号,2025-07-14,2025-07-15,3个月,8000,,招标公告
公开市场买断式逆回购招标公告 [2025]第3号,2025-07-14,2025-07-15,6个月,6000,,招标公告
公开市场买断式逆回购招标公告 [2025]第4号,2025-08-07,2025-08-08,3个月,7000,,招标公告
公开市场买断式逆回购招标公告 [2025]第5号,2025-08-14,2025-08-15,6个月,5000,,招标公告
公开市场买断式逆回购招标公告 [2025]第6号,2025-09-04,2025-09-05,3个月,10000,,招标公告
公开市场买断式逆回购招标公告 [2025]第7号,2025-09-12,2025-09-15,6个月,6000,,招标公告
公开市场买断式逆回购招标公告 [2025]第8号,2025-09-30,2025-10-09,3个月,11000,,招标公告
公开市场买断式逆回购招标公告 [2025]第9号,2025-10-14,2025-10-15,6个月,6000,,招标公告
公开市场买断式逆回购招标公告 [2025]第10号,2025-11-04,2025-11-05,3个月,7000,,招标公告
公开市场买断式逆回购招标公告 [2025]第11号,2025-11-14,2025-11-17,6个月,8000,,招标公告
公开市场买断式逆回购招标公告 [2025]第12号,2025-12-04,2025-12-05,3个月,10000,,招标公告
公开市场买断式逆回购招标公告 [2025]第13号,2025-12-12,2025-12-15,6个月,6000,,招标公告
公开市场买断式逆回购招标公告 [2026]第1号,2026-01-07,2026-01-08,3个月,11000,,招标公告
公开市场买断式逆回购招标公告 [2026]第2号,2026-01-14,2026-01-15,6个月,9000,,招标公告
公开市场买断式逆回购招标公告 [2026]第3号,2026-02-03,2026-02-04,3个月,8000,,招标公告
公开市场买断式逆回购招标公告 [2026]第4号,2026-02-12,2026-02-13,6个月,10000,,招标公告
公开市场买断式逆回购招标公告 [2026]第5号,2026-03-05,2026-03-06,3个月,8000,,招标公告
公开市场买断式逆回购招标公告 [2026]第6号,2026-03-13,2026-03-16,6个月,5000,,招标公告
公开市场买断式逆回购招标公告 [2026]第7号,2026-04-03,2026-04-07,3个月,8000,2026-07-05,招标公告
公开市场买断式逆回购招标公告 [2026]第8号,2026-04-14,2026-04-15,6个月,5000,2026-10-15,招标公告
